<?xml version="1.0" encoding="UTF-8"?>
<beans xmlns="http://www.springframework.org/schema/beans"
       xmlns:xsi="http://www.w3.org/2001/XMLSchema-instance"
       xmlns:jdbc="http://www.springframework.org/schema/jdbc"
       xsi:schemaLocation="
       http://www.springframework.org/schema/beans
       http://www.springframework.org/schema/beans/spring-beans.xsd
       http://www.springframework.org/schema/jdbc
       http://www.springframework.org/schema/jdbc/spring-jdbc.xsd ">

    <!-- **** TransactionManager, DataSource and other system classes **** -->
    <jdbc:embedded-database id="dataSource" type="HSQL">
        <jdbc:script location="classpath:schema.sql"/>
        <jdbc:script location="classpath:test-data.sql"/>
    </jdbc:embedded-database>

    <bean id="entityManagerFactory" class="org.springframework.orm.jpa.LocalEntityManagerFactoryBean">
        <!--<property name="dataSource" ref="dataSource"/>
        <property name="jpaVendorAdapter">
            <bean class="org.springframework.orm.jpa.vendor.HibernateJpaVendorAdapter">
                <property name="showSql" value="true"/>
            </bean>
        </property>-->
        <property name="persistenceUnitName" value="quiz1"/>
        <!--<property name="packagesToScan" value="net.flosev.quiz.dao.impl.jpa"/>-->
    </bean>

    <bean id="jpaTxManager" class="org.springframework.orm.jpa.JpaTransactionManager">
        <property name="entityManagerFactory" ref="entityManagerFactory"/>
    </bean>

    <!--**** JPA DAO **** -->
    <bean id="userDao" class="net.flosev.quiz.dao.impl.jpa.JpaUserDao" scope="prototype">
    <property name="entityManager" ref="entityManagerFactory"/>
</bean>

    <bean id="fashionDao" class="net.flosev.quiz.dao.impl.jpa.JpaFashionDao" scope="prototype">
    <property name="entityManager" ref="entityManagerFactory"/>
</bean>

    <bean id="commodityDao" class="net.flosev.quiz.dao.impl.jpa.JpaComodityDao" scope="prototype">
        <property name="entityManager" ref="entityManagerFactory"/>
    </bean>


    <!-- **** JDBC DAO **** -->
    <!--<bean id="userDao" class="net.flosev.quiz.dao.impl.UserDaoJdbc" scope="prototype">
        <property name="dataSource" ref="txManager"/>
    </bean>-->
    <!--<bean id="userDao" class="net.flosev.quiz.dao.impl.UserDaoMock" scope="prototype">
       <property name="dataSource" ref="txManager"/>
   </bean>-->
    <bean id="txManager" class="net.flosev.quiz.dao.tx.TransactionManagerThreadLocal" scope="singleton">
        <property name="dataSource" ref="dataSource"/>
    </bean>



   <!-- <bean id="commodityDao" class="net.flosev.quiz.dao.impl.CommodityDaoMock" scope="prototype">
        <property name="dataSource" ref="txManager"/>
    </bean>-->

    <bean id="sizeDao" class="net.flosev.quiz.dao.impl.SizeDaoMock" scope="prototype"/>

    <!--<bean id="fashionDao" class="net.flosev.quiz.dao.impl.FashionDaoMock" scope="prototype"/>-->



    <!--<bean id="quizDao" class="net.flosev.quiz.dao.impl.jdbc.QuizDaoJdbc" scope="prototype">
        <property name="dataSource" ref="txManager"/>
    </bean>-->

    <!--<bean id="questionDao" class="net.flosev.quiz.dao.impl.jdbc.QuestionDaoJdbc" scope="prototype">
        <property name="dataSource" ref="txManager"/>
    </bean>-->
    <!-- ****  VALIDATOR **** -->
    <bean id="userValidator" class="net.flosev.quiz.validator.UserValidatorImpl" scope="prototype"/>

</beans>
